id,model,condition,pass_at_1,pass_at_5,mean_ext_bleu,max_ext_bleu
HFT-0000,llama3-70b,zero_shot,0.4,0.9762,0.1473,0.1945
HFT-0001,llama3-70b,zero_shot,0.7,1.0,0.1577,0.2099
HFT-0002,llama3-70b,zero_shot,0.0,0.0,0.1068,0.14
HFT-0003,llama3-70b,zero_shot,0.1,0.5,0.0996,0.1596
HFT-0004,llama3-70b,zero_shot,0.0,0.0,0.1236,0.132
HFT-0005,llama3-70b,zero_shot,0.9,1.0,0.1661,0.1866
HFT-0006,llama3-70b,zero_shot,0.3,0.9167,0.1183,0.1752
HFT-0007,llama3-70b,zero_shot,0.0,0.0,0.1083,0.14
HFT-0008,llama3-70b,zero_shot,0.2,0.7778,0.1171,0.1544
HFT-0009,llama3-70b,zero_shot,0.0,0.0,0.0912,0.14
HFT-0010,llama3-70b,zero_shot,0.0,0.0,0.1148,0.14
HFT-0011,llama3-70b,zero_shot,0.0,0.0,0.1145,0.14
HFT-0012,llama3-70b,zero_shot,0.0,0.0,0.07,0.14
HFT-0013,llama3-70b,zero_shot,0.0,0.0,0.1144,0.14
HFT-0014,llama3-70b,zero_shot,0.0,0.0,0.1052,0.14
HFT-0015,llama3-70b,zero_shot,0.0,0.0,0.1192,0.14
HFT-0016,llama3-70b,zero_shot,0.0,0.0,0.1027,0.1473
HFT-0017,llama3-70b,zero_shot,0.0,0.0,0.1328,0.1488
HFT-0018,llama3-70b,zero_shot,0.6,1.0,0.1497,0.172
HFT-0019,llama3-70b,zero_shot,0.4,0.9762,0.153,0.1726
HFT-0020,llama3-70b,zero_shot,0.7,1.0,0.1665,0.1999
HFT-0021,llama3-70b,zero_shot,0.0,0.0,0.108,0.14
HFT-0022,llama3-70b,zero_shot,0.0,0.0,0.0398,0.092
HFT-0023,llama3-70b,zero_shot,0.2,0.7778,0.1191,0.159
HFT-0024,llama3-70b,zero_shot,0.0,0.0,0.0664,0.1285
HFT-0025,llama3-70b,zero_shot,0.0,0.0,0.1284,0.14
HFT-0026,llama3-70b,zero_shot,0.0,0.0,0.108,0.14
HFT-0027,llama3-70b,zero_shot,0.0,0.0,0.0945,0.1358
HFT-0028,llama3-70b,zero_shot,0.3,0.9167,0.1277,0.154
HFT-0029,llama3-70b,zero_shot,0.5,0.996,0.1432,0.1692
HFT-0030,llama3-70b,zero_shot,0.0,0.0,0.1248,0.14
HFT-0031,llama3-70b,zero_shot,0.2,0.7778,0.1354,0.1652
HFT-0032,llama3-70b,zero_shot,0.2,0.7778,0.1309,0.1564
HFT-0033,llama3-70b,zero_shot,0.0,0.0,0.0959,0.14
HFT-0034,llama3-70b,zero_shot,0.1,0.5,0.1239,0.1672
HFT-0035,llama3-70b,zero_shot,0.2,0.7778,0.1369,0.1582
HFT-0036,llama3-70b,zero_shot,0.0,0.0,0.0556,0.14
HFT-0037,llama3-70b,zero_shot,0.0,0.0,0.108,0.14
HFT-0038,llama3-70b,zero_shot,0.0,0.0,0.1348,0.14
HFT-0039,llama3-70b,zero_shot,0.0,0.0,0.11,0.14
HFT-0040,llama3-70b,zero_shot,0.0,0.0,0.1128,0.14
HFT-0041,llama3-70b,zero_shot,0.1,0.5,0.1318,0.1557
HFT-0042,llama3-70b,zero_shot,0.0,0.0,0.1047,0.14
HFT-0043,llama3-70b,zero_shot,0.0,0.0,0.1096,0.14
HFT-0044,llama3-70b,zero_shot,0.4,0.9762,0.0992,0.161
HFT-0045,llama3-70b,zero_shot,0.4,0.9762,0.1358,0.1814
HFT-0046,llama3-70b,zero_shot,0.0,0.0,0.1236,0.14
HFT-0047,llama3-70b,zero_shot,0.0,0.0,0.0752,0.084
HFT-0048,llama3-70b,zero_shot,0.0,0.0,0.132,0.14
HFT-0049,llama3-70b,zero_shot,0.1,0.5,0.1319,0.1555
HFT-0050,llama3-70b,zero_shot,0.8,1.0,0.1652,0.2048
HFT-0051,llama3-70b,zero_shot,0.0,0.0,0.1336,0.14
HFT-0052,llama3-70b,zero_shot,0.2,0.7778,0.1149,0.1528
HFT-0053,llama3-70b,zero_shot,0.0,0.0,0.1012,0.14
HFT-0054,llama3-70b,zero_shot,0.0,0.0,0.1232,0.14
HFT-0055,llama3-70b,zero_shot,0.0,0.0,0.076,0.14
HFT-0056,llama3-70b,zero_shot,0.0,0.0,0.1018,0.14
HFT-0057,llama3-70b,zero_shot,0.0,0.0,0.0536,0.06
HFT-0058,llama3-70b,zero_shot,0.3,0.9167,0.1186,0.1906
HFT-0059,llama3-70b,zero_shot,0.1,0.5,0.1115,0.1535
HFT-0060,llama3-70b,zero_shot,0.0,0.0,0.116,0.14
HFT-0061,llama3-70b,zero_shot,0.1,0.5,0.13,0.1517
HFT-0062,llama3-70b,zero_shot,0.5,0.996,0.1474,0.1744
HFT-0063,llama3-70b,zero_shot,0.0,0.0,0.1096,0.14
HFT-0064,llama3-70b,zero_shot,0.0,0.0,0.1186,0.149
HFT-0065,llama3-70b,zero_shot,0.2,0.7778,0.1327,0.1578
HFT-0066,llama3-70b,zero_shot,0.5,0.996,0.134,0.1671
HFT-0067,llama3-70b,zero_shot,0.0,0.0,0.1252,0.14
HFT-0068,llama3-70b,zero_shot,0.5,0.996,0.1215,0.1667
HFT-0069,llama3-70b,zero_shot,0.0,0.0,0.1188,0.14
HFT-0070,llama3-70b,zero_shot,0.0,0.0,0.0704,0.108
HFT-0071,llama3-70b,zero_shot,0.0,0.0,0.0561,0.1288
HFT-0072,llama3-70b,zero_shot,0.0,0.0,0.14,0.14
HFT-0073,llama3-70b,zero_shot,0.0,0.0,0.0192,0.056
HFT-0074,llama3-70b,zero_shot,0.0,0.0,0.0964,0.14
HFT-0075,llama3-70b,zero_shot,0.2,0.7778,0.1066,0.1532
HFT-0076,llama3-70b,zero_shot,0.3,0.9167,0.1463,0.1509
HFT-0077,llama3-70b,zero_shot,0.7,1.0,0.155,0.1937
HFT-0078,llama3-70b,zero_shot,0.1,0.5,0.1079,0.1652
HFT-0079,llama3-70b,zero_shot,0.1,0.5,0.1345,0.151
HFT-0080,llama3-70b,zero_shot,0.8,1.0,0.1662,0.1874
HFT-0081,llama3-70b,zero_shot,0.0,0.0,0.06,0.06
HFT-0082,llama3-70b,zero_shot,0.3,0.9167,0.1074,0.1521
HFT-0083,llama3-70b,zero_shot,0.2,0.7778,0.1254,0.1536
HFT-0084,llama3-70b,zero_shot,0.8,1.0,0.1565,0.1745
HFT-0085,llama3-70b,zero_shot,0.4,0.9762,0.1287,0.1689
HFT-0086,llama3-70b,zero_shot,0.2,0.7778,0.1283,0.1705
HFT-0087,llama3-70b,zero_shot,0.0,0.0,0.1047,0.14
HFT-0088,llama3-70b,zero_shot,0.0,0.0,0.1144,0.14
HFT-0089,llama3-70b,zero_shot,0.0,0.0,0.114,0.14
HFT-0090,llama3-70b,zero_shot,0.0,0.0,0.128,0.14
HFT-0091,llama3-70b,zero_shot,0.0,0.0,0.1048,0.14
HFT-0092,llama3-70b,zero_shot,0.0,0.0,0.1312,0.14
HFT-0093,llama3-70b,zero_shot,0.0,0.0,0.1292,0.14
HFT-0094,llama3-70b,zero_shot,0.0,0.0,0.0922,0.14
HFT-0095,llama3-70b,zero_shot,0.2,0.7778,0.1297,0.1524
HFT-0096,llama3-70b,zero_shot,0.6,1.0,0.1499,0.1675
HFT-0097,llama3-70b,zero_shot,0.8,1.0,0.1618,0.2113
HFT-0098,llama3-70b,zero_shot,0.0,0.0,0.1272,0.14
HFT-0099,llama3-70b,zero_shot,0.0,0.0,0.0648,0.084
HFT-0100,llama3-70b,zero_shot,0.0,0.0,0.12,0.14
HFT-0101,llama3-70b,zero_shot,0.1,0.5,0.1374,0.1581
HFT-0102,llama3-70b,zero_shot,0.7,1.0,0.1588,0.2031
HFT-0103,llama3-70b,zero_shot,0.0,0.0,0.118,0.14
HFT-0104,llama3-70b,zero_shot,0.0,0.0,0.1149,0.1367
HFT-0105,llama3-70b,zero_shot,0.0,0.0,0.1116,0.14
HFT-0106,llama3-70b,zero_shot,0.0,0.0,0.1288,0.14
HFT-0107,llama3-70b,zero_shot,0.0,0.0,0.1184,0.14
HFT-0108,llama3-70b,zero_shot,0.0,0.0,0.0884,0.14
HFT-0109,llama3-70b,zero_shot,0.0,0.0,0.112,0.14
HFT-0110,llama3-70b,zero_shot,0.7,1.0,0.156,0.1827
HFT-0111,llama3-70b,zero_shot,0.1,0.5,0.1077,0.154
HFT-0112,llama3-70b,zero_shot,0.0,0.0,0.1112,0.14
HFT-0113,llama3-70b,zero_shot,0.0,0.0,0.1012,0.14
HFT-0114,llama3-70b,zero_shot,0.4,0.9762,0.1445,0.1713
HFT-0115,llama3-70b,zero_shot,0.0,0.0,0.108,0.108
HFT-0116,llama3-70b,zero_shot,0.0,0.0,0.0,0.0
HFT-0117,llama3-70b,zero_shot,0.3,0.9167,0.1378,0.1543
HFT-0118,llama3-70b,zero_shot,0.4,0.9762,0.1357,0.176
HFT-0119,llama3-70b,zero_shot,0.0,0.0,0.1277,0.1486
HFT-0120,llama3-70b,zero_shot,0.0,0.0,0.0766,0.1312
HFT-0121,llama3-70b,zero_shot,0.0,0.0,0.1008,0.14
HFT-0122,llama3-70b,zero_shot,0.0,0.0,0.018,0.084
HFT-0123,llama3-70b,zero_shot,0.0,0.0,0.117,0.14
HFT-0124,llama3-70b,zero_shot,0.0,0.0,0.1268,0.14
HFT-0125,llama3-70b,zero_shot,0.0,0.0,0.1148,0.14
HFT-0126,llama3-70b,zero_shot,0.0,0.0,0.1084,0.14
HFT-0127,llama3-70b,zero_shot,0.0,0.0,0.0538,0.1348
HFT-0128,llama3-70b,zero_shot,0.4,0.9762,0.1412,0.1571
HFT-0129,llama3-70b,zero_shot,0.9,1.0,0.1788,0.2142
HFT-0130,llama3-70b,zero_shot,0.0,0.0,0.0968,0.148
HFT-0131,llama3-70b,zero_shot,0.0,0.0,0.1142,0.1422
HFT-0132,llama3-70b,zero_shot,0.7,1.0,0.148,0.1769
HFT-0133,llama3-70b,zero_shot,0.0,0.0,0.06,0.06
HFT-0134,llama3-70b,zero_shot,0.0,0.0,0.1206,0.1462
HFT-0135,llama3-70b,zero_shot,0.0,0.0,0.1232,0.14
HFT-0136,llama3-70b,zero_shot,0.4,0.9762,0.1291,0.1685
HFT-0137,llama3-70b,zero_shot,0.9,1.0,0.1571,0.1754
HFT-0138,llama3-70b,zero_shot,0.0,0.0,0.1312,0.1477
HFT-0139,llama3-70b,zero_shot,0.1,0.5,0.1276,0.1563
HFT-0140,llama3-70b,zero_shot,0.0,0.0,0.1208,0.14
HFT-0141,llama3-70b,zero_shot,0.0,0.0,0.1268,0.14
HFT-0142,llama3-70b,zero_shot,0.0,0.0,0.1124,0.136
HFT-0143,llama3-70b,zero_shot,0.0,0.0,0.1216,0.14
HFT-0144,llama3-70b,zero_shot,0.5,0.996,0.1378,0.159
HFT-0145,llama3-70b,zero_shot,0.4,0.9762,0.1314,0.1707
HFT-0146,llama3-70b,zero_shot,0.7,1.0,0.1533,0.1728
HFT-0147,llama3-70b,zero_shot,0.3,0.9167,0.1357,0.1805
HFT-0148,llama3-70b,zero_shot,0.0,0.0,0.1329,0.141
HFT-0149,llama3-70b,zero_shot,0.0,0.0,0.132,0.132
HFT-0150,llama3-70b,zero_shot,0.0,0.0,0.0569,0.1187
HFT-0151,llama3-70b,zero_shot,0.0,0.0,0.1236,0.14
HFT-0152,llama3-70b,zero_shot,0.8,1.0,0.1658,0.1791
HFT-0153,llama3-70b,zero_shot,1.0,1.0,0.1821,0.1999
HFT-0154,llama3-70b,zero_shot,0.2,0.7778,0.1083,0.1599
HFT-0155,llama3-70b,zero_shot,0.0,0.0,0.1073,0.14
HFT-0156,llama3-70b,zero_shot,0.5,0.996,0.0995,0.1714
HFT-0157,llama3-70b,zero_shot,0.9,1.0,0.1697,0.1829
HFT-0158,llama3-70b,zero_shot,0.3,0.9167,0.1042,0.1685
HFT-0159,llama3-70b,zero_shot,0.9,1.0,0.1584,0.1787
HFT-0160,llama3-70b,zero_shot,0.3,0.9167,0.1378,0.1639
HFT-0161,llama3-70b,zero_shot,0.0,0.0,0.0,0.0
HFT-0162,llama3-70b,zero_shot,0.0,0.0,0.1268,0.14
HFT-0163,llama3-70b,zero_shot,0.0,0.0,0.1016,0.14
HFT-0164,llama3-70b,zero_shot,0.0,0.0,0.124,0.14
HFT-0165,llama3-70b,zero_shot,0.0,0.0,0.1284,0.14
HFT-0166,llama3-70b,zero_shot,0.0,0.0,0.1088,0.14
HFT-0167,llama3-70b,zero_shot,0.1,0.5,0.1081,0.1629
HFT-0168,llama3-70b,zero_shot,0.0,0.0,0.132,0.14
HFT-0169,llama3-70b,zero_shot,0.2,0.7778,0.1374,0.1723
HFT-0170,llama3-70b,zero_shot,0.4,0.9762,0.1454,0.1612
HFT-0171,llama3-70b,zero_shot,0.0,0.0,0.1216,0.14
HFT-0172,llama3-70b,zero_shot,0.0,0.0,0.1248,0.14
HFT-0173,llama3-70b,zero_shot,0.0,0.0,0.1374,0.1433
HFT-0174,llama3-70b,zero_shot,0.0,0.0,0.1264,0.14
HFT-0175,llama3-70b,zero_shot,0.0,0.0,0.128,0.14
HFT-0176,llama3-70b,zero_shot,0.7,1.0,0.1265,0.1726
HFT-0177,llama3-70b,zero_shot,0.0,0.0,0.1284,0.14
HFT-0178,llama3-70b,zero_shot,0.0,0.0,0.0,0.0
HFT-0179,llama3-70b,zero_shot,0.0,0.0,0.1304,0.14
HFT-0180,llama3-70b,zero_shot,0.0,0.0,0.1245,0.1489
HFT-0181,llama3-70b,zero_shot,0.2,0.7778,0.0902,0.1663
HFT-0182,llama3-70b,zero_shot,0.8,1.0,0.1779,0.2145
HFT-0183,llama3-70b,zero_shot,0.0,0.0,0.1324,0.14
HFT-0184,llama3-70b,zero_shot,0.0,0.0,0.1284,0.14
HFT-0185,llama3-70b,zero_shot,0.0,0.0,0.0,0.0
HFT-0186,llama3-70b,zero_shot,0.7,1.0,0.1543,0.1811
HFT-0187,llama3-70b,zero_shot,0.2,0.7778,0.1235,0.164
HFT-0188,llama3-70b,zero_shot,0.0,0.0,0.0884,0.1481
HFT-0189,llama3-70b,zero_shot,0.0,0.0,0.1204,0.14
HFT-0190,llama3-70b,zero_shot,0.0,0.0,0.1312,0.14
HFT-0191,llama3-70b,zero_shot,0.5,0.996,0.1452,0.1817
HFT-0192,llama3-70b,zero_shot,0.2,0.7778,0.1096,0.1582
HFT-0193,llama3-70b,zero_shot,0.0,0.0,0.0704,0.1093
HFT-0194,llama3-70b,zero_shot,0.0,0.0,0.0793,0.1473
HFT-0195,llama3-70b,zero_shot,0.0,0.0,0.0645,0.13
HFT-0196,llama3-70b,zero_shot,0.0,0.0,0.0628,0.108
HFT-0197,llama3-70b,zero_shot,0.0,0.0,0.06,0.06
HFT-0198,llama3-70b,zero_shot,0.0,0.0,0.1124,0.14
HFT-0199,llama3-70b,zero_shot,0.0,0.0,0.1148,0.14
HFT-0200,llama3-70b,zero_shot,0.0,0.0,0.1084,0.14
HFT-0201,llama3-70b,zero_shot,0.0,0.0,0.1292,0.14
HFT-0202,llama3-70b,zero_shot,0.2,0.7778,0.1022,0.1637
HFT-0203,llama3-70b,zero_shot,0.0,0.0,0.126,0.14
HFT-0204,llama3-70b,zero_shot,0.0,0.0,0.0936,0.14
HFT-0205,llama3-70b,zero_shot,0.2,0.7778,0.1303,0.1783
HFT-0000,mixtral-8x7b,zero_shot,0.6,1.0,0.1403,0.1707
HFT-0001,mixtral-8x7b,zero_shot,0.7,1.0,0.1666,0.2083
HFT-0002,mixtral-8x7b,zero_shot,0.0,0.0,0.0716,0.14
HFT-0003,mixtral-8x7b,zero_shot,0.6,1.0,0.1513,0.1867
HFT-0004,mixtral-8x7b,zero_shot,0.0,0.0,0.1276,0.14
HFT-0005,mixtral-8x7b,zero_shot,0.6,1.0,0.1581,0.1923
HFT-0006,mixtral-8x7b,zero_shot,0.3,0.9167,0.1191,0.1544
HFT-0007,mixtral-8x7b,zero_shot,0.4,0.9762,0.1336,0.1695
HFT-0008,mixtral-8x7b,zero_shot,0.3,0.9167,0.1027,0.1555
HFT-0009,mixtral-8x7b,zero_shot,0.0,0.0,0.0848,0.136
HFT-0010,mixtral-8x7b,zero_shot,0.0,0.0,0.1188,0.14
HFT-0011,mixtral-8x7b,zero_shot,0.0,0.0,0.072,0.14
HFT-0012,mixtral-8x7b,zero_shot,0.0,0.0,0.0552,0.1
HFT-0013,mixtral-8x7b,zero_shot,0.0,0.0,0.1264,0.14
HFT-0014,mixtral-8x7b,zero_shot,0.0,0.0,0.1116,0.14
HFT-0015,mixtral-8x7b,zero_shot,0.0,0.0,0.1299,0.14
HFT-0016,mixtral-8x7b,zero_shot,0.1,0.5,0.0984,0.15
HFT-0017,mixtral-8x7b,zero_shot,0.0,0.0,0.1312,0.14
HFT-0018,mixtral-8x7b,zero_shot,0.2,0.7778,0.1188,0.1746
HFT-0019,mixtral-8x7b,zero_shot,0.2,0.7778,0.1372,0.1519
HFT-0020,mixtral-8x7b,zero_shot,0.5,0.996,0.14,0.1721
HFT-0021,mixtral-8x7b,zero_shot,0.0,0.0,0.1104,0.14
HFT-0022,mixtral-8x7b,zero_shot,0.3,0.9167,0.1257,0.1549
HFT-0023,mixtral-8x7b,zero_shot,0.0,0.0,0.1071,0.1451
HFT-0024,mixtral-8x7b,zero_shot,0.0,0.0,0.1178,0.1482
HFT-0025,mixtral-8x7b,zero_shot,0.0,0.0,0.1268,0.14
HFT-0026,mixtral-8x7b,zero_shot,0.0,0.0,0.1072,0.14
HFT-0027,mixtral-8x7b,zero_shot,0.0,0.0,0.0814,0.14
HFT-0028,mixtral-8x7b,zero_shot,0.0,0.0,0.0815,0.1054
HFT-0029,mixtral-8x7b,zero_shot,0.4,0.9762,0.1255,0.1592
HFT-0030,mixtral-8x7b,zero_shot,0.2,0.7778,0.1268,0.1587
HFT-0031,mixtral-8x7b,zero_shot,0.4,0.9762,0.1449,0.1797
HFT-0032,mixtral-8x7b,zero_shot,0.1,0.5,0.1067,0.1513
HFT-0033,mixtral-8x7b,zero_shot,0.0,0.0,0.11,0.14
HFT-0034,mixtral-8x7b,zero_shot,0.1,0.5,0.1165,0.1512
HFT-0035,mixtral-8x7b,zero_shot,0.1,0.5,0.1147,0.1552
HFT-0036,mixtral-8x7b,zero_shot,0.0,0.0,0.1368,0.14
HFT-0037,mixtral-8x7b,zero_shot,0.0,0.0,0.1244,0.14
HFT-0038,mixtral-8x7b,zero_shot,0.0,0.0,0.1168,0.14
HFT-0039,mixtral-8x7b,zero_shot,0.0,0.0,0.128,0.14
HFT-0040,mixtral-8x7b,zero_shot,0.0,0.0,0.1104,0.14
HFT-0041,mixtral-8x7b,zero_shot,0.1,0.5,0.1383,0.1507
HFT-0042,mixtral-8x7b,zero_shot,0.0,0.0,0.094,0.1489
HFT-0043,mixtral-8x7b,zero_shot,0.1,0.5,0.0862,0.1594
HFT-0044,mixtral-8x7b,zero_shot,0.5,0.996,0.1284,0.1745
HFT-0045,mixtral-8x7b,zero_shot,0.5,0.996,0.1465,0.2018
HFT-0046,mixtral-8x7b,zero_shot,0.1,0.5,0.1232,0.1555
HFT-0047,mixtral-8x7b,zero_shot,0.0,0.0,0.0764,0.116
HFT-0048,mixtral-8x7b,zero_shot,0.0,0.0,0.1144,0.14
HFT-0049,mixtral-8x7b,zero_shot,0.2,0.7778,0.1362,0.1543
HFT-0050,mixtral-8x7b,zero_shot,0.9,1.0,0.1763,0.2032
HFT-0051,mixtral-8x7b,zero_shot,0.1,0.5,0.1294,0.1502
HFT-0052,mixtral-8x7b,zero_shot,0.0,0.0,0.1016,0.14
HFT-0053,mixtral-8x7b,zero_shot,0.0,0.0,0.1348,0.14
HFT-0054,mixtral-8x7b,zero_shot,0.0,0.0,0.1364,0.14
HFT-0055,mixtral-8x7b,zero_shot,0.0,0.0,0.0752,0.14
HFT-0056,mixtral-8x7b,zero_shot,0.1,0.5,0.1275,0.1514
HFT-0057,mixtral-8x7b,zero_shot,0.0,0.0,0.1176,0.14
HFT-0058,mixtral-8x7b,zero_shot,0.5,0.996,0.1568,0.1961
HFT-0059,mixtral-8x7b,zero_shot,0.0,0.0,0.137,0.1496
HFT-0060,mixtral-8x7b,zero_shot,0.0,0.0,0.136,0.14
HFT-0061,mixtral-8x7b,zero_shot,0.0,0.0,0.0694,0.14
HFT-0062,mixtral-8x7b,zero_shot,0.6,1.0,0.1526,0.1862
HFT-0063,mixtral-8x7b,zero_shot,0.0,0.0,0.106,0.14
HFT-0064,mixtral-8x7b,zero_shot,0.0,0.0,0.1165,0.1477
HFT-0065,mixtral-8x7b,zero_shot,0.2,0.7778,0.1174,0.1674
HFT-0066,mixtral-8x7b,zero_shot,0.6,1.0,0.1402,0.1847
HFT-0067,mixtral-8x7b,zero_shot,0.0,0.0,0.116,0.14
HFT-0068,mixtral-8x7b,zero_shot,0.3,0.9167,0.1278,0.1711
HFT-0069,mixtral-8x7b,zero_shot,0.0,0.0,0.1328,0.14
HFT-0070,mixtral-8x7b,zero_shot,0.1,0.5,0.0509,0.1561
HFT-0071,mixtral-8x7b,zero_shot,0.0,0.0,0.1168,0.14
HFT-0072,mixtral-8x7b,zero_shot,0.0,0.0,0.1288,0.14
HFT-0073,mixtral-8x7b,zero_shot,0.0,0.0,0.102,0.14
HFT-0074,mixtral-8x7b,zero_shot,0.0,0.0,0.116,0.14
HFT-0075,mixtral-8x7b,zero_shot,0.1,0.5,0.1271,0.1557
HFT-0076,mixtral-8x7b,zero_shot,0.0,0.0,0.1407,0.1474
HFT-0077,mixtral-8x7b,zero_shot,0.6,1.0,0.151,0.2025
HFT-0078,mixtral-8x7b,zero_shot,0.0,0.0,0.0584,0.14
HFT-0079,mixtral-8x7b,zero_shot,0.3,0.9167,0.1476,0.1714
HFT-0080,mixtral-8x7b,zero_shot,0.8,1.0,0.1566,0.1792
HFT-0081,mixtral-8x7b,zero_shot,0.0,0.0,0.1296,0.14
HFT-0082,mixtral-8x7b,zero_shot,0.0,0.0,0.1208,0.14
HFT-0083,mixtral-8x7b,zero_shot,0.0,0.0,0.0464,0.1081
HFT-0084,mixtral-8x7b,zero_shot,0.7,1.0,0.1492,0.1903
HFT-0085,mixtral-8x7b,zero_shot,0.1,0.5,0.1259,0.161
HFT-0086,mixtral-8x7b,zero_shot,0.2,0.7778,0.1327,0.156
HFT-0087,mixtral-8x7b,zero_shot,0.0,0.0,0.1084,0.14
HFT-0088,mixtral-8x7b,zero_shot,0.0,0.0,0.1228,0.14
HFT-0089,mixtral-8x7b,zero_shot,0.0,0.0,0.1204,0.14
HFT-0090,mixtral-8x7b,zero_shot,0.0,0.0,0.1248,0.14
HFT-0091,mixtral-8x7b,zero_shot,0.0,0.0,0.1242,0.14
HFT-0092,mixtral-8x7b,zero_shot,0.0,0.0,0.1028,0.14
HFT-0093,mixtral-8x7b,zero_shot,0.0,0.0,0.1248,0.14
HFT-0094,mixtral-8x7b,zero_shot,0.1,0.5,0.1105,0.1562
HFT-0095,mixtral-8x7b,zero_shot,0.2,0.7778,0.1349,0.1513
HFT-0096,mixtral-8x7b,zero_shot,0.6,1.0,0.149,0.1741
HFT-0097,mixtral-8x7b,zero_shot,0.7,1.0,0.1548,0.1909
HFT-0098,mixtral-8x7b,zero_shot,0.0,0.0,0.126,0.14
HFT-0099,mixtral-8x7b,zero_shot,0.0,0.0,0.094,0.14
HFT-0100,mixtral-8x7b,zero_shot,0.0,0.0,0.1184,0.14
HFT-0101,mixtral-8x7b,zero_shot,0.4,0.9762,0.1351,0.1677
HFT-0102,mixtral-8x7b,zero_shot,0.8,1.0,0.178,0.2069
HFT-0103,mixtral-8x7b,zero_shot,0.0,0.0,0.1212,0.14
HFT-0104,mixtral-8x7b,zero_shot,0.0,0.0,0.124,0.1434
HFT-0105,mixtral-8x7b,zero_shot,0.0,0.0,0.1292,0.14
HFT-0106,mixtral-8x7b,zero_shot,0.0,0.0,0.1357,0.14
HFT-0107,mixtral-8x7b,zero_shot,0.0,0.0,0.0983,0.14
HFT-0108,mixtral-8x7b,zero_shot,0.1,0.5,0.1122,0.1516
HFT-0109,mixtral-8x7b,zero_shot,0.0,0.0,0.1344,0.14
HFT-0110,mixtral-8x7b,zero_shot,0.7,1.0,0.1621,0.1932
HFT-0111,mixtral-8x7b,zero_shot,0.0,0.0,0.1212,0.14
HFT-0112,mixtral-8x7b,zero_shot,0.1,0.5,0.1396,0.1557
HFT-0113,mixtral-8x7b,zero_shot,0.0,0.0,0.0804,0.1478
HFT-0114,mixtral-8x7b,zero_shot,0.8,1.0,0.1622,0.1793
HFT-0115,mixtral-8x7b,zero_shot,0.0,0.0,0.1052,0.14
HFT-0116,mixtral-8x7b,zero_shot,0.1,0.5,0.1206,0.1521
HFT-0117,mixtral-8x7b,zero_shot,0.3,0.9167,0.1092,0.1595
HFT-0118,mixtral-8x7b,zero_shot,0.8,1.0,0.1666,0.1875
HFT-0119,mixtral-8x7b,zero_shot,0.0,0.0,0.1172,0.14
HFT-0120,mixtral-8x7b,zero_shot,0.2,0.7778,0.1207,0.164
HFT-0121,mixtral-8x7b,zero_shot,0.0,0.0,0.136,0.14
HFT-0122,mixtral-8x7b,zero_shot,0.0,0.0,0.1296,0.14
HFT-0123,mixtral-8x7b,zero_shot,0.0,0.0,0.0856,0.14
HFT-0124,mixtral-8x7b,zero_shot,0.0,0.0,0.1308,0.14
HFT-0125,mixtral-8x7b,zero_shot,0.0,0.0,0.1144,0.14
HFT-0126,mixtral-8x7b,zero_shot,0.0,0.0,0.1181,0.14
HFT-0127,mixtral-8x7b,zero_shot,0.0,0.0,0.1198,0.1454
HFT-0128,mixtral-8x7b,zero_shot,0.0,0.0,0.1174,0.1471
HFT-0129,mixtral-8x7b,zero_shot,0.6,1.0,0.1491,0.1847
HFT-0130,mixtral-8x7b,zero_shot,0.0,0.0,0.0832,0.14
HFT-0131,mixtral-8x7b,zero_shot,0.1,0.5,0.1413,0.1548
HFT-0132,mixtral-8x7b,zero_shot,0.6,1.0,0.1417,0.1775
HFT-0133,mixtral-8x7b,zero_shot,0.0,0.0,0.1032,0.14
HFT-0134,mixtral-8x7b,zero_shot,0.3,0.9167,0.1308,0.1526
HFT-0135,mixtral-8x7b,zero_shot,0.0,0.0,0.1152,0.14
HFT-0136,mixtral-8x7b,zero_shot,0.5,0.996,0.1344,0.1892
HFT-0137,mixtral-8x7b,zero_shot,0.3,0.9167,0.135,0.1552
HFT-0138,mixtral-8x7b,zero_shot,0.2,0.7778,0.1173,0.1597
HFT-0139,mixtral-8x7b,zero_shot,0.1,0.5,0.1156,0.1619
HFT-0140,mixtral-8x7b,zero_shot,0.0,0.0,0.136,0.14
HFT-0141,mixtral-8x7b,zero_shot,0.0,0.0,0.1192,0.14
HFT-0142,mixtral-8x7b,zero_shot,0.0,0.0,0.0752,0.14
HFT-0143,mixtral-8x7b,zero_shot,0.0,0.0,0.1116,0.14
HFT-0144,mixtral-8x7b,zero_shot,0.0,0.0,0.1017,0.14
HFT-0145,mixtral-8x7b,zero_shot,0.1,0.5,0.0809,0.1973
HFT-0146,mixtral-8x7b,zero_shot,0.7,1.0,0.1454,0.1642
HFT-0147,mixtral-8x7b,zero_shot,0.4,0.9762,0.1417,0.1623
HFT-0148,mixtral-8x7b,zero_shot,0.0,0.0,0.126,0.1483
HFT-0149,mixtral-8x7b,zero_shot,0.0,0.0,0.1328,0.14
HFT-0150,mixtral-8x7b,zero_shot,0.0,0.0,0.075,0.1485
HFT-0151,mixtral-8x7b,zero_shot,0.0,0.0,0.0392,0.108
HFT-0152,mixtral-8x7b,zero_shot,0.0,0.0,0.102,0.1347
HFT-0153,mixtral-8x7b,zero_shot,0.5,0.996,0.1593,0.2113
HFT-0154,mixtral-8x7b,zero_shot,0.0,0.0,0.128,0.14
HFT-0155,mixtral-8x7b,zero_shot,0.5,0.996,0.1336,0.1578
HFT-0156,mixtral-8x7b,zero_shot,0.2,0.7778,0.1182,0.1559
HFT-0157,mixtral-8x7b,zero_shot,0.4,0.9762,0.0984,0.169
HFT-0158,mixtral-8x7b,zero_shot,0.3,0.9167,0.1321,0.1713
HFT-0159,mixtral-8x7b,zero_shot,0.5,0.996,0.1438,0.1829
HFT-0160,mixtral-8x7b,zero_shot,0.3,0.9167,0.0918,0.1555
HFT-0161,mixtral-8x7b,zero_shot,0.1,0.5,0.0954,0.1624
HFT-0162,mixtral-8x7b,zero_shot,0.0,0.0,0.1,0.14
HFT-0163,mixtral-8x7b,zero_shot,0.0,0.0,0.1352,0.14
HFT-0164,mixtral-8x7b,zero_shot,0.0,0.0,0.122,0.14
HFT-0165,mixtral-8x7b,zero_shot,0.0,0.0,0.1012,0.14
HFT-0166,mixtral-8x7b,zero_shot,0.0,0.0,0.1192,0.14
HFT-0167,mixtral-8x7b,zero_shot,0.1,0.5,0.0961,0.1574
HFT-0168,mixtral-8x7b,zero_shot,0.0,0.0,0.1236,0.14
HFT-0169,mixtral-8x7b,zero_shot,0.0,0.0,0.1316,0.14
HFT-0170,mixtral-8x7b,zero_shot,0.2,0.7778,0.129,0.1555
HFT-0171,mixtral-8x7b,zero_shot,0.0,0.0,0.1292,0.14
HFT-0172,mixtral-8x7b,zero_shot,0.0,0.0,0.1271,0.1474
HFT-0173,mixtral-8x7b,zero_shot,0.1,0.5,0.1209,0.1536
HFT-0174,mixtral-8x7b,zero_shot,0.0,0.0,0.1064,0.14
HFT-0175,mixtral-8x7b,zero_shot,0.0,0.0,0.1252,0.14
HFT-0176,mixtral-8x7b,zero_shot,0.3,0.9167,0.1311,0.1844
HFT-0177,mixtral-8x7b,zero_shot,0.0,0.0,0.0839,0.1305
HFT-0178,mixtral-8x7b,zero_shot,0.1,0.5,0.1318,0.1581
HFT-0179,mixtral-8x7b,zero_shot,0.0,0.0,0.0864,0.14
HFT-0180,mixtral-8x7b,zero_shot,0.0,0.0,0.1206,0.14
HFT-0181,mixtral-8x7b,zero_shot,0.7,1.0,0.1424,0.1859
HFT-0182,mixtral-8x7b,zero_shot,0.5,0.996,0.1243,0.1795
HFT-0183,mixtral-8x7b,zero_shot,0.0,0.0,0.1256,0.14
HFT-0184,mixtral-8x7b,zero_shot,0.0,0.0,0.114,0.14
HFT-0185,mixtral-8x7b,zero_shot,0.0,0.0,0.1112,0.14
HFT-0186,mixtral-8x7b,zero_shot,0.9,1.0,0.1647,0.1841
HFT-0187,mixtral-8x7b,zero_shot,0.1,0.5,0.1326,0.151
HFT-0188,mixtral-8x7b,zero_shot,0.0,0.0,0.0513,0.1
HFT-0189,mixtral-8x7b,zero_shot,0.0,0.0,0.0984,0.14
HFT-0190,mixtral-8x7b,zero_shot,0.0,0.0,0.1184,0.14
HFT-0191,mixtral-8x7b,zero_shot,0.2,0.7778,0.1303,0.1547
HFT-0192,mixtral-8x7b,zero_shot,0.0,0.0,0.1268,0.1492
HFT-0193,mixtral-8x7b,zero_shot,0.1,0.5,0.0866,0.1525
HFT-0194,mixtral-8x7b,zero_shot,0.1,0.5,0.1105,0.1616
HFT-0195,mixtral-8x7b,zero_shot,0.3,0.9167,0.1134,0.1583
HFT-0196,mixtral-8x7b,zero_shot,0.0,0.0,0.0637,0.1449
HFT-0197,mixtral-8x7b,zero_shot,0.0,0.0,0.0976,0.14
HFT-0198,mixtral-8x7b,zero_shot,0.0,0.0,0.1132,0.14
HFT-0199,mixtral-8x7b,zero_shot,0.0,0.0,0.1392,0.14
HFT-0200,mixtral-8x7b,zero_shot,0.0,0.0,0.1068,0.14
HFT-0201,mixtral-8x7b,zero_shot,0.0,0.0,0.1344,0.14
HFT-0202,mixtral-8x7b,zero_shot,0.7,1.0,0.1601,0.1812
HFT-0203,mixtral-8x7b,zero_shot,0.0,0.0,0.1256,0.14
HFT-0204,mixtral-8x7b,zero_shot,0.0,0.0,0.0464,0.1236
HFT-0205,mixtral-8x7b,zero_shot,0.2,0.7778,0.1433,0.1651
HFT-0000,llama3-70b,agentic_react,0.3333,0.0,0.1511,0.1734
HFT-0001,llama3-70b,agentic_react,1.0,1.0,0.1818,0.1995
HFT-0002,llama3-70b,agentic_react,0.0,0.0,0.14,0.14
HFT-0003,llama3-70b,agentic_react,1.0,1.0,0.1768,0.1789
HFT-0004,llama3-70b,agentic_react,0.0,0.0,0.14,0.14
HFT-0005,llama3-70b,agentic_react,1.0,1.0,0.1973,0.221
HFT-0006,llama3-70b,agentic_react,1.0,1.0,0.1833,0.1935
HFT-0007,llama3-70b,agentic_react,0.3333,0.0,0.1489,0.1668
HFT-0008,llama3-70b,agentic_react,1.0,1.0,0.1525,0.1549
HFT-0009,llama3-70b,agentic_react,0.0,0.0,0.14,0.14
HFT-0010,llama3-70b,agentic_react,0.0,0.0,0.14,0.14
HFT-0011,llama3-70b,agentic_react,0.0,0.0,0.143,0.149
HFT-0012,llama3-70b,agentic_react,0.0,0.0,0.132,0.14
HFT-0013,llama3-70b,agentic_react,0.0,0.0,0.14,0.14
HFT-0014,llama3-70b,agentic_react,0.0,0.0,0.14,0.14
HFT-0015,llama3-70b,agentic_react,0.0,0.0,0.14,0.14
HFT-0016,llama3-70b,agentic_react,0.0,0.0,0.14,0.14
HFT-0017,llama3-70b,agentic_react,0.0,0.0,0.14,0.14
HFT-0018,llama3-70b,agentic_react,1.0,1.0,0.1656,0.1678
HFT-0019,llama3-70b,agentic_react,0.3333,0.0,0.1447,0.154
HFT-0020,llama3-70b,agentic_react,1.0,1.0,0.1748,0.1806
HFT-0021,llama3-70b,agentic_react,0.0,0.0,0.1387,0.14
HFT-0022,llama3-70b,agentic_react,0.3333,0.0,0.1474,0.1622
HFT-0023,llama3-70b,agentic_react,1.0,1.0,0.1843,0.1899
HFT-0024,llama3-70b,agentic_react,0.3333,0.0,0.1463,0.159
HFT-0025,llama3-70b,agentic_react,0.0,0.0,0.14,0.14
HFT-0026,llama3-70b,agentic_react,0.0,0.0,0.14,0.14
HFT-0027,llama3-70b,agentic_react,0.3333,0.0,0.1476,0.1628
HFT-0028,llama3-70b,agentic_react,0.6667,0.0,0.1528,0.1548
HFT-0029,llama3-70b,agentic_react,0.6667,0.0,0.1564,0.1699
HFT-0030,llama3-70b,agentic_react,0.0,0.0,0.14,0.14
HFT-0031,llama3-70b,agentic_react,1.0,1.0,0.1662,0.1868
HFT-0032,llama3-70b,agentic_react,0.3333,0.0,0.1442,0.1525
HFT-0033,llama3-70b,agentic_react,0.0,0.0,0.1213,0.14
HFT-0034,llama3-70b,agentic_react,0.0,0.0,0.14,0.14
HFT-0035,llama3-70b,agentic_react,1.0,1.0,0.1613,0.1623
HFT-0036,llama3-70b,agentic_react,0.0,0.0,0.14,0.14
HFT-0037,llama3-70b,agentic_react,0.0,0.0,0.14,0.14
HFT-0038,llama3-70b,agentic_react,0.0,0.0,0.14,0.14
HFT-0039,llama3-70b,agentic_react,0.0,0.0,0.14,0.14
HFT-0040,llama3-70b,agentic_react,0.0,0.0,0.14,0.14
HFT-0041,llama3-70b,agentic_react,0.0,0.0,0.14,0.14
HFT-0042,llama3-70b,agentic_react,0.0,0.0,0.14,0.14
HFT-0043,llama3-70b,agentic_react,0.3333,0.0,0.1473,0.1619
HFT-0044,llama3-70b,agentic_react,1.0,1.0,0.1607,0.1706
HFT-0045,llama3-70b,agentic_react,1.0,1.0,0.1601,0.1633
HFT-0046,llama3-70b,agentic_react,0.0,0.0,0.14,0.14
HFT-0047,llama3-70b,agentic_react,0.0,0.0,0.096,0.128
HFT-0048,llama3-70b,agentic_react,0.0,0.0,0.14,0.14
HFT-0049,llama3-70b,agentic_react,1.0,1.0,0.1588,0.1597
HFT-0050,llama3-70b,agentic_react,1.0,1.0,0.1858,0.1893
HFT-0051,llama3-70b,agentic_react,0.0,0.0,0.14,0.14
HFT-0052,llama3-70b,agentic_react,0.0,0.0,0.132,0.14
HFT-0053,llama3-70b,agentic_react,0.0,0.0,0.14,0.14
HFT-0054,llama3-70b,agentic_react,0.0,0.0,0.141,0.142
HFT-0055,llama3-70b,agentic_react,0.0,0.0,0.14,0.14
HFT-0056,llama3-70b,agentic_react,0.0,0.0,0.14,0.14
HFT-0057,llama3-70b,agentic_react,0.0,0.0,0.0773,0.128
HFT-0058,llama3-70b,agentic_react,1.0,1.0,0.1717,0.1808
HFT-0059,llama3-70b,agentic_react,0.0,0.0,0.14,0.14
HFT-0060,llama3-70b,agentic_react,0.0,0.0,0.14,0.14
HFT-0061,llama3-70b,agentic_react,0.0,0.0,0.14,0.14
HFT-0062,llama3-70b,agentic_react,0.6667,0.0,0.1589,0.1684
HFT-0063,llama3-70b,agentic_react,0.0,0.0,0.14,0.14
HFT-0064,llama3-70b,agentic_react,0.0,0.0,0.1474,0.1476
HFT-0065,llama3-70b,agentic_react,1.0,1.0,0.1589,0.1611
HFT-0066,llama3-70b,agentic_react,1.0,1.0,0.1626,0.1718
HFT-0067,llama3-70b,agentic_react,0.0,0.0,0.14,0.14
HFT-0068,llama3-70b,agentic_react,1.0,1.0,0.1523,0.1535
HFT-0069,llama3-70b,agentic_react,0.0,0.0,0.14,0.14
HFT-0070,llama3-70b,agentic_react,0.0,0.0,0.14,0.14
HFT-0071,llama3-70b,agentic_react,0.0,0.0,0.14,0.14
HFT-0072,llama3-70b,agentic_react,0.0,0.0,0.14,0.14
HFT-0073,llama3-70b,agentic_react,0.0,0.0,0.14,0.14
HFT-0074,llama3-70b,agentic_react,0.0,0.0,0.14,0.14
HFT-0075,llama3-70b,agentic_react,0.6667,0.0,0.1518,0.1558
HFT-0076,llama3-70b,agentic_react,0.3333,0.0,0.1465,0.1501
HFT-0077,llama3-70b,agentic_react,1.0,1.0,0.1903,0.1903
HFT-0078,llama3-70b,agentic_react,0.3333,0.0,0.1483,0.1648
HFT-0079,llama3-70b,agentic_react,0.6667,0.0,0.1519,0.159
HFT-0080,llama3-70b,agentic_react,1.0,1.0,0.1681,0.1765
HFT-0081,llama3-70b,agentic_react,0.0,0.0,0.076,0.076
HFT-0082,llama3-70b,agentic_react,0.3333,0.0,0.1493,0.1532
HFT-0083,llama3-70b,agentic_react,0.0,0.0,0.14,0.14
HFT-0084,llama3-70b,agentic_react,1.0,1.0,0.1793,0.1966
HFT-0085,llama3-70b,agentic_react,1.0,1.0,0.1597,0.1626
HFT-0086,llama3-70b,agentic_react,0.6667,0.0,0.1631,0.1756
HFT-0087,llama3-70b,agentic_react,0.3333,0.0,0.1465,0.1595
HFT-0088,llama3-70b,agentic_react,0.0,0.0,0.14,0.14
HFT-0089,llama3-70b,agentic_react,0.0,0.0,0.14,0.14
HFT-0090,llama3-70b,agentic_react,0.0,0.0,0.14,0.14
HFT-0091,llama3-70b,agentic_react,0.0,0.0,0.14,0.14
HFT-0092,llama3-70b,agentic_react,0.0,0.0,0.14,0.14
HFT-0093,llama3-70b,agentic_react,0.0,0.0,0.14,0.14
HFT-0094,llama3-70b,agentic_react,0.0,0.0,0.14,0.14
HFT-0095,llama3-70b,agentic_react,0.3333,0.0,0.1445,0.1535
HFT-0096,llama3-70b,agentic_react,1.0,1.0,0.1638,0.1647
HFT-0097,llama3-70b,agentic_react,1.0,1.0,0.2107,0.2147
HFT-0098,llama3-70b,agentic_react,0.0,0.0,0.14,0.14
HFT-0099,llama3-70b,agentic_react,0.0,0.0,0.1187,0.14
HFT-0100,llama3-70b,agentic_react,0.0,0.0,0.14,0.14
HFT-0101,llama3-70b,agentic_react,0.3333,0.0,0.1473,0.1619
HFT-0102,llama3-70b,agentic_react,1.0,1.0,0.1995,0.203
HFT-0103,llama3-70b,agentic_react,0.0,0.0,0.14,0.14
HFT-0104,llama3-70b,agentic_react,0.6667,0.0,0.1533,0.1566
HFT-0105,llama3-70b,agentic_react,0.0,0.0,0.14,0.14
HFT-0106,llama3-70b,agentic_react,0.0,0.0,0.1405,0.1416
HFT-0107,llama3-70b,agentic_react,0.0,0.0,0.14,0.14
HFT-0108,llama3-70b,agentic_react,0.3333,0.0,0.1479,0.1637
HFT-0109,llama3-70b,agentic_react,0.0,0.0,0.14,0.14
HFT-0110,llama3-70b,agentic_react,1.0,1.0,0.1857,0.199
HFT-0111,llama3-70b,agentic_react,0.0,0.0,0.14,0.14
HFT-0112,llama3-70b,agentic_react,0.0,0.0,0.14,0.14
HFT-0113,llama3-70b,agentic_react,0.3333,0.0,0.1461,0.1584
HFT-0114,llama3-70b,agentic_react,0.6667,0.0,0.1655,0.1834
HFT-0115,llama3-70b,agentic_react,0.0,0.0,0.14,0.14
HFT-0116,llama3-70b,agentic_react,0.6667,0.0,0.1506,0.1522
HFT-0117,llama3-70b,agentic_react,0.0,0.0,0.143,0.1491
HFT-0118,llama3-70b,agentic_react,1.0,1.0,0.1584,0.1716
HFT-0119,llama3-70b,agentic_react,0.0,0.0,0.14,0.14
HFT-0120,llama3-70b,agentic_react,1.0,1.0,0.1574,0.1611
HFT-0121,llama3-70b,agentic_react,0.0,0.0,0.14,0.14
HFT-0122,llama3-70b,agentic_react,0.0,0.0,0.14,0.14
HFT-0123,llama3-70b,agentic_react,0.0,0.0,0.1307,0.14
HFT-0124,llama3-70b,agentic_react,0.0,0.0,0.14,0.14
HFT-0125,llama3-70b,agentic_react,0.0,0.0,0.14,0.14
HFT-0126,llama3-70b,agentic_react,0.0,0.0,0.1387,0.14
HFT-0127,llama3-70b,agentic_react,0.0,0.0,0.1373,0.14
HFT-0128,llama3-70b,agentic_react,0.0,0.0,0.1474,0.1477
HFT-0129,llama3-70b,agentic_react,1.0,1.0,0.1903,0.1903
HFT-0130,llama3-70b,agentic_react,0.0,0.0,0.14,0.14
HFT-0131,llama3-70b,agentic_react,0.0,0.0,0.1487,0.1496
HFT-0132,llama3-70b,agentic_react,1.0,1.0,0.1696,0.1781
HFT-0133,llama3-70b,agentic_react,0.0,0.0,0.0707,0.076
HFT-0134,llama3-70b,agentic_react,0.3333,0.0,0.1455,0.1513
HFT-0135,llama3-70b,agentic_react,0.0,0.0,0.14,0.14
HFT-0136,llama3-70b,agentic_react,1.0,1.0,0.1754,0.1772
HFT-0137,llama3-70b,agentic_react,1.0,1.0,0.1635,0.166
HFT-0138,llama3-70b,agentic_react,0.3333,0.0,0.1492,0.1542
HFT-0139,llama3-70b,agentic_react,0.0,0.0,0.14,0.14
HFT-0140,llama3-70b,agentic_react,0.0,0.0,0.14,0.14
HFT-0141,llama3-70b,agentic_react,0.0,0.0,0.14,0.14
HFT-0142,llama3-70b,agentic_react,0.0,0.0,0.14,0.14
HFT-0143,llama3-70b,agentic_react,0.0,0.0,0.14,0.14
HFT-0144,llama3-70b,agentic_react,0.0,0.0,0.14,0.14
HFT-0145,llama3-70b,agentic_react,1.0,1.0,0.1783,0.1865
HFT-0146,llama3-70b,agentic_react,1.0,1.0,0.1573,0.1574
HFT-0147,llama3-70b,agentic_react,1.0,1.0,0.1568,0.1605
HFT-0148,llama3-70b,agentic_react,0.0,0.0,0.14,0.14
HFT-0149,llama3-70b,agentic_react,0.0,0.0,0.14,0.14
HFT-0150,llama3-70b,agentic_react,0.3333,0.0,0.1339,0.1575
HFT-0151,llama3-70b,agentic_react,0.0,0.0,0.14,0.14
HFT-0152,llama3-70b,agentic_react,1.0,1.0,0.1675,0.1735
HFT-0153,llama3-70b,agentic_react,1.0,1.0,0.1699,0.1716
HFT-0154,llama3-70b,agentic_react,0.0,0.0,0.14,0.14
HFT-0155,llama3-70b,agentic_react,0.0,0.0,0.1339,0.1498
HFT-0156,llama3-70b,agentic_react,0.6667,0.0,0.1596,0.1766
HFT-0157,llama3-70b,agentic_react,1.0,1.0,0.1825,0.1907
HFT-0158,llama3-70b,agentic_react,1.0,1.0,0.1602,0.163
HFT-0159,llama3-70b,agentic_react,1.0,1.0,0.1754,0.1838
HFT-0160,llama3-70b,agentic_react,0.3333,0.0,0.1497,0.1692
HFT-0161,llama3-70b,agentic_react,0.0,0.0,0.1387,0.14
HFT-0162,llama3-70b,agentic_react,0.0,0.0,0.14,0.14
HFT-0163,llama3-70b,agentic_react,0.0,0.0,0.14,0.14
HFT-0164,llama3-70b,agentic_react,0.0,0.0,0.14,0.14
HFT-0165,llama3-70b,agentic_react,0.0,0.0,0.14,0.14
HFT-0166,llama3-70b,agentic_react,0.0,0.0,0.14,0.14
HFT-0167,llama3-70b,agentic_react,0.0,0.0,0.1461,0.1496
HFT-0168,llama3-70b,agentic_react,0.0,0.0,0.1347,0.14
HFT-0169,llama3-70b,agentic_react,0.0,0.0,0.14,0.14
HFT-0170,llama3-70b,agentic_react,0.0,0.0,0.1488,0.1495
HFT-0171,llama3-70b,agentic_react,0.0,0.0,0.14,0.14
HFT-0172,llama3-70b,agentic_react,0.0,0.0,0.1413,0.1439
HFT-0173,llama3-70b,agentic_react,0.6667,0.0,0.15,0.1558
HFT-0174,llama3-70b,agentic_react,0.0,0.0,0.1387,0.14
HFT-0175,llama3-70b,agentic_react,0.0,0.0,0.14,0.14
HFT-0176,llama3-70b,agentic_react,1.0,1.0,0.1651,0.1666
HFT-0177,llama3-70b,agentic_react,0.0,0.0,0.14,0.14
HFT-0178,llama3-70b,agentic_react,0.6667,0.0,0.1524,0.1569
HFT-0179,llama3-70b,agentic_react,0.0,0.0,0.14,0.14
HFT-0180,llama3-70b,agentic_react,0.0,0.0,0.14,0.14
HFT-0181,llama3-70b,agentic_react,0.3333,0.0,0.1454,0.1562
HFT-0182,llama3-70b,agentic_react,1.0,1.0,0.1994,0.2081
HFT-0183,llama3-70b,agentic_react,0.0,0.0,0.14,0.14
HFT-0184,llama3-70b,agentic_react,0.0,0.0,0.136,0.14
HFT-0185,llama3-70b,agentic_react,0.0,0.0,0.0,0.0
HFT-0186,llama3-70b,agentic_react,1.0,1.0,0.1759,0.1806
HFT-0187,llama3-70b,agentic_react,1.0,1.0,0.1534,0.1545
HFT-0188,llama3-70b,agentic_react,0.0,0.0,0.14,0.14
HFT-0189,llama3-70b,agentic_react,0.0,0.0,0.14,0.14
HFT-0190,llama3-70b,agentic_react,0.0,0.0,0.14,0.14
HFT-0191,llama3-70b,agentic_react,0.6667,0.0,0.1626,0.1758
HFT-0192,llama3-70b,agentic_react,0.6667,0.0,0.1472,0.1511
HFT-0193,llama3-70b,agentic_react,0.6667,0.0,0.1905,0.2249
HFT-0194,llama3-70b,agentic_react,1.0,1.0,0.1637,0.1716
HFT-0195,llama3-70b,agentic_react,1.0,1.0,0.1566,0.1626
HFT-0196,llama3-70b,agentic_react,0.0,0.0,0.14,0.14
HFT-0197,llama3-70b,agentic_react,0.0,0.0,0.076,0.076
HFT-0198,llama3-70b,agentic_react,0.0,0.0,0.14,0.14
HFT-0199,llama3-70b,agentic_react,0.0,0.0,0.14,0.14
HFT-0200,llama3-70b,agentic_react,0.0,0.0,0.14,0.14
HFT-0201,llama3-70b,agentic_react,0.0,0.0,0.14,0.14
HFT-0202,llama3-70b,agentic_react,0.0,0.0,0.1387,0.14
HFT-0203,llama3-70b,agentic_react,0.0,0.0,0.14,0.14
HFT-0204,llama3-70b,agentic_react,0.0,0.0,0.14,0.14
HFT-0205,llama3-70b,agentic_react,0.6667,0.0,0.1577,0.1693
HFT-0000,mixtral-8x7b,agentic_react,1.0,1.0,0.1694,0.1732
HFT-0001,mixtral-8x7b,agentic_react,1.0,1.0,0.1817,0.1859
HFT-0002,mixtral-8x7b,agentic_react,0.0,0.0,0.1133,0.14
HFT-0003,mixtral-8x7b,agentic_react,1.0,1.0,0.1778,0.1832
HFT-0004,mixtral-8x7b,agentic_react,0.0,0.0,0.14,0.14
HFT-0005,mixtral-8x7b,agentic_react,1.0,1.0,0.1938,0.2077
HFT-0006,mixtral-8x7b,agentic_react,0.6667,0.0,0.1617,0.1716
HFT-0007,mixtral-8x7b,agentic_react,0.3333,0.0,0.1471,0.1614
HFT-0008,mixtral-8x7b,agentic_react,1.0,1.0,0.1587,0.1614
HFT-0009,mixtral-8x7b,agentic_react,0.0,0.0,0.14,0.14
HFT-0010,mixtral-8x7b,agentic_react,0.0,0.0,0.1387,0.14
HFT-0011,mixtral-8x7b,agentic_react,0.3333,0.0,0.1463,0.1518
HFT-0012,mixtral-8x7b,agentic_react,0.0,0.0,0.0973,0.14
HFT-0013,mixtral-8x7b,agentic_react,0.0,0.0,0.14,0.14
HFT-0014,mixtral-8x7b,agentic_react,0.0,0.0,0.136,0.14
HFT-0015,mixtral-8x7b,agentic_react,0.0,0.0,0.14,0.14
HFT-0016,mixtral-8x7b,agentic_react,0.0,0.0,0.14,0.14
HFT-0017,mixtral-8x7b,agentic_react,0.0,0.0,0.14,0.14
HFT-0018,mixtral-8x7b,agentic_react,0.3333,0.0,0.1451,0.1573
HFT-0019,mixtral-8x7b,agentic_react,0.0,0.0,0.1456,0.1493
HFT-0020,mixtral-8x7b,agentic_react,1.0,1.0,0.1636,0.1654
HFT-0021,mixtral-8x7b,agentic_react,0.0,0.0,0.14,0.14
HFT-0022,mixtral-8x7b,agentic_react,0.3333,0.0,0.1481,0.1642
HFT-0023,mixtral-8x7b,agentic_react,1.0,1.0,0.1701,0.1712
HFT-0024,mixtral-8x7b,agentic_react,0.3333,0.0,0.1381,0.1533
HFT-0025,mixtral-8x7b,agentic_react,0.0,0.0,0.14,0.14
HFT-0026,mixtral-8x7b,agentic_react,0.0,0.0,0.1373,0.14
HFT-0027,mixtral-8x7b,agentic_react,0.0,0.0,0.14,0.14
HFT-0028,mixtral-8x7b,agentic_react,0.0,0.0,0.1053,0.136
HFT-0029,mixtral-8x7b,agentic_react,0.6667,0.0,0.1569,0.1707
HFT-0030,mixtral-8x7b,agentic_react,0.3333,0.0,0.1474,0.1542
HFT-0031,mixtral-8x7b,agentic_react,0.6667,0.0,0.1422,0.1554
HFT-0032,mixtral-8x7b,agentic_react,0.0,0.0,0.1293,0.14
HFT-0033,mixtral-8x7b,agentic_react,0.0,0.0,0.14,0.14
HFT-0034,mixtral-8x7b,agentic_react,0.3333,0.0,0.1469,0.1516
HFT-0035,mixtral-8x7b,agentic_react,0.0,0.0,0.1307,0.14
HFT-0036,mixtral-8x7b,agentic_react,0.0,0.0,0.14,0.14
HFT-0037,mixtral-8x7b,agentic_react,0.0,0.0,0.14,0.14
HFT-0038,mixtral-8x7b,agentic_react,0.0,0.0,0.136,0.14
HFT-0039,mixtral-8x7b,agentic_react,0.0,0.0,0.1373,0.14
HFT-0040,mixtral-8x7b,agentic_react,0.0,0.0,0.14,0.14
HFT-0041,mixtral-8x7b,agentic_react,0.0,0.0,0.14,0.14
HFT-0042,mixtral-8x7b,agentic_react,0.3333,0.0,0.1458,0.1573
HFT-0043,mixtral-8x7b,agentic_react,0.3333,0.0,0.1471,0.1613
HFT-0044,mixtral-8x7b,agentic_react,1.0,1.0,0.1617,0.1673
HFT-0045,mixtral-8x7b,agentic_react,1.0,1.0,0.1888,0.1957
HFT-0046,mixtral-8x7b,agentic_react,0.0,0.0,0.1267,0.14
HFT-0047,mixtral-8x7b,agentic_react,0.0,0.0,0.1093,0.128
HFT-0048,mixtral-8x7b,agentic_react,0.0,0.0,0.1373,0.14
HFT-0049,mixtral-8x7b,agentic_react,0.6667,0.0,0.1557,0.1783
HFT-0050,mixtral-8x7b,agentic_react,1.0,1.0,0.1929,0.2122
HFT-0051,mixtral-8x7b,agentic_react,0.0,0.0,0.14,0.14
HFT-0052,mixtral-8x7b,agentic_react,0.0,0.0,0.1432,0.1497
HFT-0053,mixtral-8x7b,agentic_react,0.0,0.0,0.14,0.14
HFT-0054,mixtral-8x7b,agentic_react,0.0,0.0,0.14,0.14
HFT-0055,mixtral-8x7b,agentic_react,0.0,0.0,0.1199,0.1318
HFT-0056,mixtral-8x7b,agentic_react,0.0,0.0,0.14,0.14
HFT-0057,mixtral-8x7b,agentic_react,0.0,0.0,0.14,0.14
HFT-0058,mixtral-8x7b,agentic_react,1.0,1.0,0.1885,0.1938
HFT-0059,mixtral-8x7b,agentic_react,0.0,0.0,0.14,0.14
HFT-0060,mixtral-8x7b,agentic_react,0.0,0.0,0.14,0.14
HFT-0061,mixtral-8x7b,agentic_react,0.0,0.0,0.1338,0.1493
HFT-0062,mixtral-8x7b,agentic_react,1.0,1.0,0.1799,0.1842
HFT-0063,mixtral-8x7b,agentic_react,0.0,0.0,0.14,0.14
HFT-0064,mixtral-8x7b,agentic_react,0.0,0.0,0.1462,0.1478
HFT-0065,mixtral-8x7b,agentic_react,0.6667,0.0,0.153,0.1623
HFT-0066,mixtral-8x7b,agentic_react,1.0,1.0,0.176,0.1859
HFT-0067,mixtral-8x7b,agentic_react,0.0,0.0,0.14,0.14
HFT-0068,mixtral-8x7b,agentic_react,0.3333,0.0,0.1474,0.1621
HFT-0069,mixtral-8x7b,agentic_react,0.0,0.0,0.14,0.14
HFT-0070,mixtral-8x7b,agentic_react,0.0,0.0,0.1187,0.128
HFT-0071,mixtral-8x7b,agentic_react,0.0,0.0,0.14,0.14
HFT-0072,mixtral-8x7b,agentic_react,0.0,0.0,0.14,0.14
HFT-0073,mixtral-8x7b,agentic_react,0.0,0.0,0.14,0.14
HFT-0074,mixtral-8x7b,agentic_react,0.0,0.0,0.14,0.14
HFT-0075,mixtral-8x7b,agentic_react,0.0,0.0,0.1473,0.1475
HFT-0076,mixtral-8x7b,agentic_react,0.0,0.0,0.1449,0.1451
HFT-0077,mixtral-8x7b,agentic_react,1.0,1.0,0.1724,0.1768
HFT-0078,mixtral-8x7b,agentic_react,0.0,0.0,0.1027,0.128
HFT-0079,mixtral-8x7b,agentic_react,0.6667,0.0,0.1517,0.1566
HFT-0080,mixtral-8x7b,agentic_react,1.0,1.0,0.168,0.1763
HFT-0081,mixtral-8x7b,agentic_react,0.0,0.0,0.136,0.14
HFT-0082,mixtral-8x7b,agentic_react,0.0,0.0,0.1415,0.1444
HFT-0083,mixtral-8x7b,agentic_react,0.0,0.0,0.136,0.14
HFT-0084,mixtral-8x7b,agentic_react,1.0,1.0,0.1789,0.1807
HFT-0085,mixtral-8x7b,agentic_react,0.3333,0.0,0.1424,0.1502
HFT-0086,mixtral-8x7b,agentic_react,0.3333,0.0,0.1454,0.1513
HFT-0087,mixtral-8x7b,agentic_react,0.0,0.0,0.14,0.14
HFT-0088,mixtral-8x7b,agentic_react,0.0,0.0,0.14,0.14
HFT-0089,mixtral-8x7b,agentic_react,0.0,0.0,0.1373,0.14
HFT-0090,mixtral-8x7b,agentic_react,0.0,0.0,0.1333,0.14
HFT-0091,mixtral-8x7b,agentic_react,0.0,0.0,0.136,0.14
HFT-0092,mixtral-8x7b,agentic_react,0.0,0.0,0.14,0.14
HFT-0093,mixtral-8x7b,agentic_react,0.0,0.0,0.14,0.14
HFT-0094,mixtral-8x7b,agentic_react,0.0,0.0,0.1387,0.14
HFT-0095,mixtral-8x7b,agentic_react,0.6667,0.0,0.1515,0.1544
HFT-0096,mixtral-8x7b,agentic_react,1.0,1.0,0.1598,0.1657
HFT-0097,mixtral-8x7b,agentic_react,1.0,1.0,0.236,0.2571
HFT-0098,mixtral-8x7b,agentic_react,0.0,0.0,0.14,0.14
HFT-0099,mixtral-8x7b,agentic_react,0.0,0.0,0.1107,0.14
HFT-0100,mixtral-8x7b,agentic_react,0.0,0.0,0.136,0.14
HFT-0101,mixtral-8x7b,agentic_react,0.0,0.0,0.14,0.14
HFT-0102,mixtral-8x7b,agentic_react,1.0,1.0,0.182,0.1963
HFT-0103,mixtral-8x7b,agentic_react,0.0,0.0,0.14,0.14
HFT-0104,mixtral-8x7b,agentic_react,0.0,0.0,0.14,0.14
HFT-0105,mixtral-8x7b,agentic_react,0.0,0.0,0.14,0.14
HFT-0106,mixtral-8x7b,agentic_react,0.6667,0.0,0.1594,0.1718
HFT-0107,mixtral-8x7b,agentic_react,0.0,0.0,0.132,0.14
HFT-0108,mixtral-8x7b,agentic_react,0.0,0.0,0.1408,0.1424
HFT-0109,mixtral-8x7b,agentic_react,0.0,0.0,0.1213,0.132
HFT-0110,mixtral-8x7b,agentic_react,1.0,1.0,0.1868,0.1961
HFT-0111,mixtral-8x7b,agentic_react,0.0,0.0,0.14,0.14
HFT-0112,mixtral-8x7b,agentic_react,0.0,0.0,0.1347,0.14
HFT-0113,mixtral-8x7b,agentic_react,0.0,0.0,0.1213,0.14
HFT-0114,mixtral-8x7b,agentic_react,1.0,1.0,0.1766,0.1838
HFT-0115,mixtral-8x7b,agentic_react,0.0,0.0,0.14,0.14
HFT-0116,mixtral-8x7b,agentic_react,0.0,0.0,0.1356,0.1498
HFT-0117,mixtral-8x7b,agentic_react,0.3333,0.0,0.1511,0.1734
HFT-0118,mixtral-8x7b,agentic_react,1.0,1.0,0.176,0.1815
HFT-0119,mixtral-8x7b,agentic_react,0.0,0.0,0.14,0.14
HFT-0120,mixtral-8x7b,agentic_react,0.0,0.0,0.14,0.14
HFT-0121,mixtral-8x7b,agentic_react,0.0,0.0,0.128,0.14
HFT-0122,mixtral-8x7b,agentic_react,0.0,0.0,0.14,0.14
HFT-0123,mixtral-8x7b,agentic_react,0.0,0.0,0.14,0.14
HFT-0124,mixtral-8x7b,agentic_react,0.0,0.0,0.14,0.14
HFT-0125,mixtral-8x7b,agentic_react,0.0,0.0,0.1227,0.14
HFT-0126,mixtral-8x7b,agentic_react,0.0,0.0,0.14,0.14
HFT-0127,mixtral-8x7b,agentic_react,0.3333,0.0,0.1484,0.1514
HFT-0128,mixtral-8x7b,agentic_react,0.0,0.0,0.1359,0.1392
HFT-0129,mixtral-8x7b,agentic_react,1.0,1.0,0.1803,0.2011
HFT-0130,mixtral-8x7b,agentic_react,0.0,0.0,0.08,0.128
HFT-0131,mixtral-8x7b,agentic_react,0.3333,0.0,0.1412,0.1507
HFT-0132,mixtral-8x7b,agentic_react,0.6667,0.0,0.1615,0.1696
HFT-0133,mixtral-8x7b,agentic_react,0.0,0.0,0.14,0.14
HFT-0134,mixtral-8x7b,agentic_react,0.0,0.0,0.1444,0.1477
HFT-0135,mixtral-8x7b,agentic_react,0.0,0.0,0.14,0.14
HFT-0136,mixtral-8x7b,agentic_react,1.0,1.0,0.1843,0.1888
HFT-0137,mixtral-8x7b,agentic_react,0.6667,0.0,0.156,0.1618
HFT-0138,mixtral-8x7b,agentic_react,0.0,0.0,0.1445,0.1495
HFT-0139,mixtral-8x7b,agentic_react,0.0,0.0,0.14,0.14
HFT-0140,mixtral-8x7b,agentic_react,0.0,0.0,0.136,0.14
HFT-0141,mixtral-8x7b,agentic_react,0.0,0.0,0.1293,0.14
HFT-0142,mixtral-8x7b,agentic_react,0.0,0.0,0.1067,0.14
HFT-0143,mixtral-8x7b,agentic_react,0.0,0.0,0.1422,0.1466
HFT-0144,mixtral-8x7b,agentic_react,0.0,0.0,0.1387,0.14
HFT-0145,mixtral-8x7b,agentic_react,1.0,1.0,0.1822,0.2054
HFT-0146,mixtral-8x7b,agentic_react,0.6667,0.0,0.153,0.1614
HFT-0147,mixtral-8x7b,agentic_react,0.3333,0.0,0.1513,0.1559
HFT-0148,mixtral-8x7b,agentic_react,0.3333,0.0,0.1481,0.1511
HFT-0149,mixtral-8x7b,agentic_react,0.0,0.0,0.136,0.14
HFT-0150,mixtral-8x7b,agentic_react,0.3333,0.0,0.1435,0.1606
HFT-0151,mixtral-8x7b,agentic_react,0.0,0.0,0.14,0.14
HFT-0152,mixtral-8x7b,agentic_react,1.0,1.0,0.17,0.1835
HFT-0153,mixtral-8x7b,agentic_react,1.0,1.0,0.1925,0.1961
HFT-0154,mixtral-8x7b,agentic_react,0.6667,0.0,0.1497,0.1561
HFT-0155,mixtral-8x7b,agentic_react,0.6667,0.0,0.1503,0.1513
HFT-0156,mixtral-8x7b,agentic_react,1.0,1.0,0.1836,0.1975
HFT-0157,mixtral-8x7b,agentic_react,1.0,1.0,0.1644,0.1751
HFT-0158,mixtral-8x7b,agentic_react,0.6667,0.0,0.1563,0.166
HFT-0159,mixtral-8x7b,agentic_react,1.0,1.0,0.1872,0.1974
HFT-0160,mixtral-8x7b,agentic_react,1.0,1.0,0.154,0.1578
HFT-0161,mixtral-8x7b,agentic_react,0.0,0.0,0.14,0.14
HFT-0162,mixtral-8x7b,agentic_react,0.0,0.0,0.14,0.14
HFT-0163,mixtral-8x7b,agentic_react,0.0,0.0,0.14,0.14
HFT-0164,mixtral-8x7b,agentic_react,0.0,0.0,0.14,0.14
HFT-0165,mixtral-8x7b,agentic_react,0.0,0.0,0.14,0.14
HFT-0166,mixtral-8x7b,agentic_react,0.0,0.0,0.14,0.14
HFT-0167,mixtral-8x7b,agentic_react,0.6667,0.0,0.156,0.1653
HFT-0168,mixtral-8x7b,agentic_react,0.0,0.0,0.14,0.14
HFT-0169,mixtral-8x7b,agentic_react,0.3333,0.0,0.1437,0.151
HFT-0170,mixtral-8x7b,agentic_react,0.0,0.0,0.1468,0.149
HFT-0171,mixtral-8x7b,agentic_react,0.0,0.0,0.1387,0.14
HFT-0172,mixtral-8x7b,agentic_react,0.0,0.0,0.14,0.14
HFT-0173,mixtral-8x7b,agentic_react,1.0,1.0,0.1595,0.1646
HFT-0174,mixtral-8x7b,agentic_react,0.0,0.0,0.14,0.14
HFT-0175,mixtral-8x7b,agentic_react,0.0,0.0,0.136,0.14
HFT-0176,mixtral-8x7b,agentic_react,1.0,1.0,0.1766,0.2126
HFT-0177,mixtral-8x7b,agentic_react,0.0,0.0,0.1391,0.1494
HFT-0178,mixtral-8x7b,agentic_react,0.0,0.0,0.1439,0.1466
HFT-0179,mixtral-8x7b,agentic_react,0.0,0.0,0.1227,0.14
HFT-0180,mixtral-8x7b,agentic_react,0.0,0.0,0.1421,0.1463
HFT-0181,mixtral-8x7b,agentic_react,0.6667,0.0,0.1561,0.1654
HFT-0182,mixtral-8x7b,agentic_react,1.0,1.0,0.1915,0.22
HFT-0183,mixtral-8x7b,agentic_react,0.0,0.0,0.14,0.14
HFT-0184,mixtral-8x7b,agentic_react,0.0,0.0,0.1373,0.14
HFT-0185,mixtral-8x7b,agentic_react,0.0,0.0,0.14,0.14
HFT-0186,mixtral-8x7b,agentic_react,1.0,1.0,0.1773,0.1799
HFT-0187,mixtral-8x7b,agentic_react,0.3333,0.0,0.1455,0.1511
HFT-0188,mixtral-8x7b,agentic_react,0.0,0.0,0.1421,0.1463
HFT-0189,mixtral-8x7b,agentic_react,0.0,0.0,0.1053,0.14
HFT-0190,mixtral-8x7b,agentic_react,0.0,0.0,0.14,0.14
HFT-0191,mixtral-8x7b,agentic_react,1.0,1.0,0.1635,0.1703
HFT-0192,mixtral-8x7b,agentic_react,0.0,0.0,0.1465,0.1485
HFT-0193,mixtral-8x7b,agentic_react,0.6667,0.0,0.1623,0.1733
HFT-0194,mixtral-8x7b,agentic_react,1.0,1.0,0.1648,0.1763
HFT-0195,mixtral-8x7b,agentic_react,0.3333,0.0,0.1439,0.1527
HFT-0196,mixtral-8x7b,agentic_react,0.0,0.0,0.14,0.14
HFT-0197,mixtral-8x7b,agentic_react,0.0,0.0,0.1133,0.14
HFT-0198,mixtral-8x7b,agentic_react,0.0,0.0,0.14,0.14
HFT-0199,mixtral-8x7b,agentic_react,0.0,0.0,0.14,0.14
HFT-0200,mixtral-8x7b,agentic_react,0.0,0.0,0.136,0.14
HFT-0201,mixtral-8x7b,agentic_react,0.0,0.0,0.14,0.14
HFT-0202,mixtral-8x7b,agentic_react,0.6667,0.0,0.1563,0.1681
HFT-0203,mixtral-8x7b,agentic_react,0.0,0.0,0.14,0.14
HFT-0204,mixtral-8x7b,agentic_react,0.0,0.0,0.1427,0.1482
HFT-0205,mixtral-8x7b,agentic_react,0.3333,0.0,0.1512,0.1628
